Schultz,Vanessa,3,vanes.schul@mayer-sutton.com,+1-455-639-6286x85119
Wall,William,3,willi.wall@kennedy.biz,(211)820-5163
Hicks,Teresa,5,teres.hicks@mccullough.com,(881)636-1762x28922
Mcknight,Megan,5,megan.mckni@chandler-walton.org,291.355.7964x268
Hines,Rebecca,1,rebec.hines@juarez.biz,792-557-6018
Huang,Michael,4,micha.huang@smith-rogers.com,(313)517-3130x96034
Hall,Danielle,5,danie.hall@gonzalez-williams.biz,001-587-341-8594x1155
Curtis,Linda,2,linda.curti@ferguson.com,(954)645-9458
Coleman,Jennifer,5,jenni.colem@martin.com,333.366.5948
Castillo,Dylan,1,dylan.casti@howell.com,001-254-360-7346x38760
Whitney,Tina,2,tina.whitn@walker-nichols.info,536-769-4239x3985
Moore,Kimberly,5,kimbe.moore@rivera.com,+1-389-937-0340
Pierce,Julia,3,julia.pierc@fletcher.com,001-228-515-3096x32733
Miller,Dustin,5,dusti.mille@barton.net,+1-292-739-0369x03655
Smith,Andrew,4,andre.smith@moore.com,712-883-0229x6952
Flores,Olivia,2,olivi.flore@avila.com,+1-265-441-1232x4292
Brown,Bridget,2,bridg.brown@blair-higgins.com,220-676-1016
Potter,Anthony,2,antho.potte@marks-stewart.com,814.346.8040
Figueroa,Wanda,2,wanda.figue@williams-gibson.biz,+1-275-752-6803x98900
Hogan,Michael,2,micha.hogan@douglas.com,268-605-1924x8184
Valentine,Kristen,5,krist.valen@bell.com,001-231-945-6910x7316
Paul,John,3,john.paul@wilson-williams.net,248-662-7843
Frost,Francisco,4,franc.frost@saunders.biz,(609)226-2703x6547
Walsh,Glenn,2,glenn.walsh@chung.com,(234)423-6440x64031
Li,Daniel,5,danie.li@dillon.org,(561)690-1522
Lowe,Jessica,4,jessi.lowe@fowler-craig.com,001-868-216-1081x73530
Shepard,Judy,1,judy.shepa@james.org,681.485.4867
Hoffman,Priscilla,2,prisc.hoffm@franklin.net,334-809-3359x693
Richard,Caleb,5,caleb.richa@boyd.com,876.638.7033
Dawson,Eric,1,eric.dawso@arnold-guzman.com,3409607085
Black,Colleen,4,colle.black@ortiz.biz,811.540.9854x81838
Mcbride,Martin,1,marti.mcbri@castillo.biz,+1-678-629-8986
Levine,Karen,4,karen.levin@buckley.com,+1-520-463-5589x04715
Richards,Travis,4,travi.richa@moore.net,001-682-853-1511x36153
Miller,Mark,3,mark.mille@parker-castro.com,221.646.0468x04823
Mueller,Juan,2,juan.muell@lewis.com,(639)645-5305
Smith,Alexa,3,alexa.smith@brown.com,+1-664-699-0514x4516
Ramirez,Monique,1,moniq.ramir@parrish.com,(859)665-3361
Sanders,Sarah,2,sarah.sande@hanson.com,+1-678-311-4352x349
Hanson,Melissa,1,melis.hanso@lewis.com,001-934-964-3135
Mathis,Jennifer,2,jenni.mathi@frey-smith.com,+1-343-620-3894x62664
Alexander,Carl,4,carl.alexa@harrison-chang.com,523-618-1863
Parker,Kimberly,4,kimbe.parke@duncan-kennedy.com,649-996-0533x2023
Garcia,Mia,1,mia.garci@brown.com,609-641-1171x197
Brooks,Robin,2,robin.brook@abbott-rogers.com,+1-899-963-3988
Harvey,Randy,2,randy.harve@jones.com,483.941.1546x5695
Tran,Tina,1,tina.tran@mcgrath.com,(343)489-7344x084
Lee,Michael,2,micha.lee@munoz-castillo.biz,001-716-979-4047x77583
Mahoney,Jenny,1,jenny.mahon@johnson.info,+1-391-522-2458x4188
Beard,John,1,john.beard@clark-valencia.com,3003102422
